DataSource;Cube
JE_IS_KONS_STAT (CSV);JE_MCOPL
ZJE_B_BSEG (BSEG Tabelle nur bis 2013);JE_MCOPL
3EC_CS_1A (EC-CS);JE_MCOPL
0FI_AP_4;JE_MCOPL
0FI_AP_6;JE_MCOPL
0FI_AR_4;JE_MCOPL
0FI_AR_6;JE_MCOPL
0FI_GL_6;JE_MCOPL
0PU_IS_PS_11;JE_MCOPL
0PU_IS_PS_31;JE_MCOPL
0PU_IS_PS_32;JE_MCOPL
0CO_OM_CCA_9;JE_MCOPL
0CO_OM_CCA_10;JE_MCOPL
0CO_OM_OPA_6;JE_MCOPL
0CO_OM_OPA_7;JE_MCOPL
0CO_OM_WBS_6;JE_MCOPL
0CO_OM_WBS_7;JE_MCOPL
0CO_OM_CCA_1;JE_MCOPL
0CO_OM_OPA_1;JE_MCOPL
0CO_OM_WBS_1;JE_MCOPL
0REFX_3;JE_MCOPL
0RE_5;JE_MCOPL
JE_IS_MASSEN_BPS3;JE_MCOPL
JE_IS_RELOAD_BPS3;JE_MCOPL
JE_ICBPS3 (Transaktionaler InfoCube);JE_MCOPL
ZJE_S_FMDERIVE;JE_MCOPL
0PU_IS_PS_32;JE_ICFMQ (DSO!)
ZJE_B_GLPCP;KH_MCEZV
ZKH_B_VKDFS;KH_MCSCHV
0FI_GL_4;KH_MCSCHV
ZKH_B_SKO;KH_MCSCHV
ZKH_B_SNT;KH_MCSCHV
ZKH_B_SPOH;KH_MCSCHV
ZKH_B_BSAS (BSAS Tabelle);KH_MCBSBC
ZKH_B_BSIS (BSIS Tabelle);KH_MCBSBC
ZKH_B_FIRE_DEBITORENDATEN;KH_MCSIC
ZKH_B_SICM;KH_MCSIC
ZKH_B_SICA;KH_MCSIC
ZKH_B_SICB;KH_MCSIC
ZKH_B_SICB_KORREKTUR;KH_MCSIC
ZKH_B_SICV;KH_MCSIC
ZKH_B_SICB;KH_ICSICB (InfoCube)
ZKH_B_SICB_KORREKTUR;KH_ICSICB (InfoCube)
0FI_AP_4;KH_MCFIEP
0FI_AR_4;KH_MCFIEP
0FI_GL_4;KH_MCFIEP
ZKH_B_FIRE_DEBITORENDATEN;KH_MCMD
