ID;DataSource;Auf.x91.bis.H.Layer;Wird.von.LSVA.benotigt
1;JE_IS_KONS_STAT;;
2;ZJE_B_BSEG;;
3;3EC_CS_1A;;
4;0FI_AP_4;;
5;0FI_AP_6;;
6;0FI_AR_4;;X
7;0FI_AR_6;;
8;0FI_GL_6;;
9;0PU_IS_PS_11;x;
10;0PU_IS_PS_31;x;
11;0PU_IS_PS_32;x;
12;0CO_OM_CCA_9;x;
13;0CO_OM_CCA_10;x;
14;0CO_OM_OPA_6;x;
15;0CO_OM_OPA_7;x;
16;0CO_OM_WBS_6;x;
17;0CO_OM_WBS_7;x;
18;0CO_OM_CCA_1;x;
19;0CO_OM_OPA_1;x;
20;0CO_OM_WBS_1;x;
21;0REFX_3;;
22;0RE_5;;
23;JE_IS_MASSEN_BPS3;;
24;JE_IS_RELOAD_BPS3;;
25;JE_ICBPS3 (Transaktionaler InfoCube);;
26;ZJE_S_FMDERIVE;;
27;ZJE_B_GLPCP;;
28;ZKH_B_VKDFS;;
29;0FI_GL_4;x;X
30;ZKH_B_SKO;;
31;ZKH_B_SNT;;
32;ZKH_B_SPOH;;
33;ZKH_B_BSAS;;
34;ZKH_B_BSIS;;
35;ZKH_B_FIRE_DEBITORENDATEN;;
36;ZKH_B_SICM;;
37;ZKH_B_SICA;;X
38;ZKH_B_SICB;;X
39;ZKH_B_SICB_KORREKTUR;;X
40;ZKH_B_SICV;;
