"";"Cube";"Reporting.Object";"Query";"DataSource"
"1";"JE_ICFMQ (DSO!)";"RRMX - 40_Kreditbelastung ungleich Kreditableitung FMDERIVER";"JE_ICFMQ_Q_100_002_7";"0PU_IS_PS_32"
"2";"JE_MCOPL";"RRMX - 10_Finanzreporting nach Krediten / KLAR-Objekten (BPS, CO)";"JE_MCOPL_T_1_10_2_08_055_V01_7";"JE_IS_KONS_STAT (CSV)"
"3";"JE_MCOPL";"RRMX - 10_Finanzreporting nach Krediten / KLAR-Objekten (BPS, CO)";"JE_MCOPL_T_1_10_2_08_055_V01_7";"0PU_IS_PS_11"
"4";"JE_MCOPL";"RRMX - 10_Finanzreporting nach Krediten / KLAR-Objekten (BPS, CO)";"JE_MCOPL_T_1_10_2_08_055_V01_7";"0PU_IS_PS_31"
"5";"JE_MCOPL";"RRMX - 10_Finanzreporting nach Krediten / KLAR-Objekten (BPS, CO)";"JE_MCOPL_T_1_10_2_08_055_V01_7";"0PU_IS_PS_32"
"6";"JE_MCOPL";"RRMX - 10_Finanzreporting nach Krediten / KLAR-Objekten (BPS, CO)";"JE_MCOPL_T_1_10_2_08_055_V01_7";"0CO_OM_CCA_9"
"7";"JE_MCOPL";"RRMX - 10_Finanzreporting nach Krediten / KLAR-Objekten (BPS, CO)";"JE_MCOPL_T_1_10_2_08_055_V01_7";"0CO_OM_CCA_10"
"8";"JE_MCOPL";"RRMX - 10_Finanzreporting nach Krediten / KLAR-Objekten (BPS, CO)";"JE_MCOPL_T_1_10_2_08_055_V01_7";"0CO_OM_OPA_6"
"9";"JE_MCOPL";"RRMX - 10_Finanzreporting nach Krediten / KLAR-Objekten (BPS, CO)";"JE_MCOPL_T_1_10_2_08_055_V01_7";"ZJE_B_BSEG (BSEG Tabelle nur bis 2013)"
"10";"JE_MCOPL";"RRMX - 10_Finanzreporting nach Krediten / KLAR-Objekten (BPS, CO)";"JE_MCOPL_T_1_10_2_08_055_V01_7";"3EC_CS_1A (EC-CS)"
"11";"JE_MCOPL";"RRMX - 10_Finanzreporting nach Krediten / KLAR-Objekten (BPS, CO)";"JE_MCOPL_T_1_10_2_08_055_V01_7";"0FI_AP_4"
"12";"JE_MCOPL";"RRMX - 10_Finanzreporting nach Krediten / KLAR-Objekten (BPS, CO)";"JE_MCOPL_T_1_10_2_08_055_V01_7";"0FI_AP_6"
"13";"JE_MCOPL";"RRMX - 10_Finanzreporting nach Krediten / KLAR-Objekten (BPS, CO)";"JE_MCOPL_T_1_10_2_08_055_V01_7";"0FI_AR_4"
"14";"JE_MCOPL";"RRMX - 10_Finanzreporting nach Krediten / KLAR-Objekten (BPS, CO)";"JE_MCOPL_T_1_10_2_08_055_V01_7";"0FI_AR_6"
"15";"JE_MCOPL";"RRMX - 10_Finanzreporting nach Krediten / KLAR-Objekten (BPS, CO)";"JE_MCOPL_T_1_10_2_08_055_V01_7";"0FI_GL_6"
"16";"JE_MCOPL";"RRMX - 10_Finanzreporting nach Krediten / KLAR-Objekten (BPS, CO)";"JE_MCOPL_T_1_10_2_08_055_V01_7";"0RE_5"
"17";"JE_MCOPL";"RRMX - 10_Finanzreporting nach Krediten / KLAR-Objekten (BPS, CO)";"JE_MCOPL_T_1_10_2_08_055_V01_7";"JE_IS_MASSEN_BPS3"
"18";"JE_MCOPL";"RRMX - 10_Finanzreporting nach Krediten / KLAR-Objekten (BPS, CO)";"JE_MCOPL_T_1_10_2_08_055_V01_7";"JE_IS_RELOAD_BPS3"
"19";"JE_MCOPL";"RRMX - 10_Finanzreporting nach Krediten / KLAR-Objekten (BPS, CO)";"JE_MCOPL_T_1_10_2_08_055_V01_7";"JE_ICBPS3 (Transaktionaler InfoCube)"
"20";"JE_MCOPL";"RRMX - 10_Finanzreporting nach Krediten / KLAR-Objekten (BPS, CO)";"JE_MCOPL_T_1_10_2_08_055_V01_7";"ZJE_S_FMDERIVE"
"21";"JE_MCOPL";"RRMX - 10_Finanzreporting nach Krediten / KLAR-Objekten (BPS, CO)";"JE_MCOPL_T_1_10_2_08_055_V01_7";"0CO_OM_CCA_1"
"22";"JE_MCOPL";"RRMX - 10_Finanzreporting nach Krediten / KLAR-Objekten (BPS, CO)";"JE_MCOPL_T_1_10_2_08_055_V01_7";"0CO_OM_OPA_7"
"23";"JE_MCOPL";"RRMX - 10_Finanzreporting nach Krediten / KLAR-Objekten (BPS, CO)";"JE_MCOPL_T_1_10_2_08_055_V01_7";"0CO_OM_WBS_6"
"24";"JE_MCOPL";"RRMX - 10_Finanzreporting nach Krediten / KLAR-Objekten (BPS, CO)";"JE_MCOPL_T_1_10_2_08_055_V01_7";"0CO_OM_WBS_7"
"25";"JE_MCOPL";"RRMX - 10_Finanzreporting nach Krediten / KLAR-Objekten (BPS, CO)";"JE_MCOPL_T_1_10_2_08_055_V01_7";"0CO_OM_OPA_1"
"26";"JE_MCOPL";"RRMX - 10_Finanzreporting nach Krediten / KLAR-Objekten (BPS, CO)";"JE_MCOPL_T_1_10_2_08_055_V01_7";"0CO_OM_WBS_1"
"27";"JE_MCOPL";"RRMX - 10_Finanzreporting nach Krediten / KLAR-Objekten (BPS, CO)";"JE_MCOPL_T_1_10_2_08_055_V01_7";"0REFX_3"
"28";"JE_MCOPL";"SAP_BW_QUERY - Mittelflussrechnung / FMFR (FI)";"JE_MCOPL_T_1_10_2_04_050_V02_7";"JE_IS_KONS_STAT (CSV)"
"29";"JE_MCOPL";"SAP_BW_QUERY - Mittelflussrechnung / FMFR (FI)";"JE_MCOPL_T_1_10_2_04_050_V02_7";"0PU_IS_PS_11"
"30";"JE_MCOPL";"SAP_BW_QUERY - Mittelflussrechnung / FMFR (FI)";"JE_MCOPL_T_1_10_2_04_050_V02_7";"0PU_IS_PS_31"
"31";"JE_MCOPL";"SAP_BW_QUERY - Mittelflussrechnung / FMFR (FI)";"JE_MCOPL_T_1_10_2_04_050_V02_7";"0PU_IS_PS_32"
"32";"JE_MCOPL";"SAP_BW_QUERY - Mittelflussrechnung / FMFR (FI)";"JE_MCOPL_T_1_10_2_04_050_V02_7";"0CO_OM_CCA_9"
"33";"JE_MCOPL";"SAP_BW_QUERY - Mittelflussrechnung / FMFR (FI)";"JE_MCOPL_T_1_10_2_04_050_V02_7";"0CO_OM_CCA_10"
"34";"JE_MCOPL";"SAP_BW_QUERY - Mittelflussrechnung / FMFR (FI)";"JE_MCOPL_T_1_10_2_04_050_V02_7";"0CO_OM_OPA_6"
"35";"JE_MCOPL";"SAP_BW_QUERY - Mittelflussrechnung / FMFR (FI)";"JE_MCOPL_T_1_10_2_04_050_V02_7";"ZJE_B_BSEG (BSEG Tabelle nur bis 2013)"
"36";"JE_MCOPL";"SAP_BW_QUERY - Mittelflussrechnung / FMFR (FI)";"JE_MCOPL_T_1_10_2_04_050_V02_7";"3EC_CS_1A (EC-CS)"
"37";"JE_MCOPL";"SAP_BW_QUERY - Mittelflussrechnung / FMFR (FI)";"JE_MCOPL_T_1_10_2_04_050_V02_7";"0FI_AP_4"
"38";"JE_MCOPL";"SAP_BW_QUERY - Mittelflussrechnung / FMFR (FI)";"JE_MCOPL_T_1_10_2_04_050_V02_7";"0FI_AP_6"
"39";"JE_MCOPL";"SAP_BW_QUERY - Mittelflussrechnung / FMFR (FI)";"JE_MCOPL_T_1_10_2_04_050_V02_7";"0FI_AR_4"
"40";"JE_MCOPL";"SAP_BW_QUERY - Mittelflussrechnung / FMFR (FI)";"JE_MCOPL_T_1_10_2_04_050_V02_7";"0FI_AR_6"
"41";"JE_MCOPL";"SAP_BW_QUERY - Mittelflussrechnung / FMFR (FI)";"JE_MCOPL_T_1_10_2_04_050_V02_7";"0FI_GL_6"
"42";"JE_MCOPL";"SAP_BW_QUERY - Mittelflussrechnung / FMFR (FI)";"JE_MCOPL_T_1_10_2_04_050_V02_7";"0RE_5"
"43";"JE_MCOPL";"SAP_BW_QUERY - Mittelflussrechnung / FMFR (FI)";"JE_MCOPL_T_1_10_2_04_050_V02_7";"JE_IS_MASSEN_BPS3"
"44";"JE_MCOPL";"SAP_BW_QUERY - Mittelflussrechnung / FMFR (FI)";"JE_MCOPL_T_1_10_2_04_050_V02_7";"JE_IS_RELOAD_BPS3"
"45";"JE_MCOPL";"SAP_BW_QUERY - Mittelflussrechnung / FMFR (FI)";"JE_MCOPL_T_1_10_2_04_050_V02_7";"JE_ICBPS3 (Transaktionaler InfoCube)"
"46";"JE_MCOPL";"SAP_BW_QUERY - Mittelflussrechnung / FMFR (FI)";"JE_MCOPL_T_1_10_2_04_050_V02_7";"ZJE_S_FMDERIVE"
"47";"JE_MCOPL";"SAP_BW_QUERY - Mittelflussrechnung / FMFR (FI)";"JE_MCOPL_T_1_10_2_04_050_V02_7";"0CO_OM_CCA_1"
"48";"JE_MCOPL";"SAP_BW_QUERY - Mittelflussrechnung / FMFR (FI)";"JE_MCOPL_T_1_10_2_04_050_V02_7";"0CO_OM_OPA_7"
"49";"JE_MCOPL";"SAP_BW_QUERY - Mittelflussrechnung / FMFR (FI)";"JE_MCOPL_T_1_10_2_04_050_V02_7";"0CO_OM_WBS_6"
"50";"JE_MCOPL";"SAP_BW_QUERY - Mittelflussrechnung / FMFR (FI)";"JE_MCOPL_T_1_10_2_04_050_V02_7";"0CO_OM_WBS_7"
"51";"JE_MCOPL";"SAP_BW_QUERY - Mittelflussrechnung / FMFR (FI)";"JE_MCOPL_T_1_10_2_04_050_V02_7";"0CO_OM_OPA_1"
"52";"JE_MCOPL";"SAP_BW_QUERY - Mittelflussrechnung / FMFR (FI)";"JE_MCOPL_T_1_10_2_04_050_V02_7";"0CO_OM_WBS_1"
"53";"JE_MCOPL";"SAP_BW_QUERY - Mittelflussrechnung / FMFR (FI)";"JE_MCOPL_T_1_10_2_04_050_V02_7";"0REFX_3"
"54";"JE_MCOPL";"SAP_BW_QUERY - Prufbericht Referenzableitung";"JE_MCOPL_T_1_10_2_03_034_V01_7";"JE_IS_KONS_STAT (CSV)"
"55";"JE_MCOPL";"SAP_BW_QUERY - Prufbericht Referenzableitung";"JE_MCOPL_T_1_10_2_03_034_V01_7";"0PU_IS_PS_11"
"56";"JE_MCOPL";"SAP_BW_QUERY - Prufbericht Referenzableitung";"JE_MCOPL_T_1_10_2_03_034_V01_7";"0PU_IS_PS_31"
"57";"JE_MCOPL";"SAP_BW_QUERY - Prufbericht Referenzableitung";"JE_MCOPL_T_1_10_2_03_034_V01_7";"0PU_IS_PS_32"
"58";"JE_MCOPL";"SAP_BW_QUERY - Prufbericht Referenzableitung";"JE_MCOPL_T_1_10_2_03_034_V01_7";"0CO_OM_CCA_9"
"59";"JE_MCOPL";"SAP_BW_QUERY - Prufbericht Referenzableitung";"JE_MCOPL_T_1_10_2_03_034_V01_7";"0CO_OM_CCA_10"
"60";"JE_MCOPL";"SAP_BW_QUERY - Prufbericht Referenzableitung";"JE_MCOPL_T_1_10_2_03_034_V01_7";"0CO_OM_OPA_6"
"61";"JE_MCOPL";"SAP_BW_QUERY - Prufbericht Referenzableitung";"JE_MCOPL_T_1_10_2_03_034_V01_7";"ZJE_B_BSEG (BSEG Tabelle nur bis 2013)"
"62";"JE_MCOPL";"SAP_BW_QUERY - Prufbericht Referenzableitung";"JE_MCOPL_T_1_10_2_03_034_V01_7";"3EC_CS_1A (EC-CS)"
"63";"JE_MCOPL";"SAP_BW_QUERY - Prufbericht Referenzableitung";"JE_MCOPL_T_1_10_2_03_034_V01_7";"0FI_AP_4"
"64";"JE_MCOPL";"SAP_BW_QUERY - Prufbericht Referenzableitung";"JE_MCOPL_T_1_10_2_03_034_V01_7";"0FI_AP_6"
"65";"JE_MCOPL";"SAP_BW_QUERY - Prufbericht Referenzableitung";"JE_MCOPL_T_1_10_2_03_034_V01_7";"0FI_AR_4"
"66";"JE_MCOPL";"SAP_BW_QUERY - Prufbericht Referenzableitung";"JE_MCOPL_T_1_10_2_03_034_V01_7";"0FI_AR_6"
"67";"JE_MCOPL";"SAP_BW_QUERY - Prufbericht Referenzableitung";"JE_MCOPL_T_1_10_2_03_034_V01_7";"0FI_GL_6"
"68";"JE_MCOPL";"SAP_BW_QUERY - Prufbericht Referenzableitung";"JE_MCOPL_T_1_10_2_03_034_V01_7";"0RE_5"
"69";"JE_MCOPL";"SAP_BW_QUERY - Prufbericht Referenzableitung";"JE_MCOPL_T_1_10_2_03_034_V01_7";"JE_IS_MASSEN_BPS3"
"70";"JE_MCOPL";"SAP_BW_QUERY - Prufbericht Referenzableitung";"JE_MCOPL_T_1_10_2_03_034_V01_7";"JE_IS_RELOAD_BPS3"
"71";"JE_MCOPL";"SAP_BW_QUERY - Prufbericht Referenzableitung";"JE_MCOPL_T_1_10_2_03_034_V01_7";"JE_ICBPS3 (Transaktionaler InfoCube)"
"72";"JE_MCOPL";"SAP_BW_QUERY - Prufbericht Referenzableitung";"JE_MCOPL_T_1_10_2_03_034_V01_7";"ZJE_S_FMDERIVE"
"73";"JE_MCOPL";"SAP_BW_QUERY - Prufbericht Referenzableitung";"JE_MCOPL_T_1_10_2_03_034_V01_7";"0CO_OM_CCA_1"
"74";"JE_MCOPL";"SAP_BW_QUERY - Prufbericht Referenzableitung";"JE_MCOPL_T_1_10_2_03_034_V01_7";"0CO_OM_OPA_7"
"75";"JE_MCOPL";"SAP_BW_QUERY - Prufbericht Referenzableitung";"JE_MCOPL_T_1_10_2_03_034_V01_7";"0CO_OM_WBS_6"
"76";"JE_MCOPL";"SAP_BW_QUERY - Prufbericht Referenzableitung";"JE_MCOPL_T_1_10_2_03_034_V01_7";"0CO_OM_WBS_7"
"77";"JE_MCOPL";"SAP_BW_QUERY - Prufbericht Referenzableitung";"JE_MCOPL_T_1_10_2_03_034_V01_7";"0CO_OM_OPA_1"
"78";"JE_MCOPL";"SAP_BW_QUERY - Prufbericht Referenzableitung";"JE_MCOPL_T_1_10_2_03_034_V01_7";"0CO_OM_WBS_1"
"79";"JE_MCOPL";"SAP_BW_QUERY - Prufbericht Referenzableitung";"JE_MCOPL_T_1_10_2_03_034_V01_7";"0REFX_3"
"80";"KH_ICSICB (InfoCube)";"SAP_BW_QUERY - Sicherheiten nach Debitor u Beleg";"KH_MCSIC_600_Q011";"ZKH_B_SICB_KORREKTUR"
"81";"KH_ICSICB (InfoCube)";"SAP_BW_QUERY - Sicherheiten nach Debitor u Beleg";"KH_MCSIC_600_Q011";"ZKH_B_SICB"
"82";"KH_MCBSBC";"RRMX - Liste Einzelposten Sachkonto Profitcenter (neu)";"KH_MCBSBC_Q002_7";"ZKH_B_BSIS (BSIS Tabelle)"
"83";"KH_MCBSBC";"RRMX - Liste Einzelposten Sachkonto Profitcenter (neu)";"KH_MCBSBC_Q002_7";"ZKH_B_BSAS (BSAS Tabelle)"
"84";"KH_MCBSBC";"RRMX - Liste Einzelposten Sachkonto Profitcenter (neu)";"KH_MCBSBC_Q001";"ZKH_B_BSIS (BSIS Tabelle)"
"85";"KH_MCBSBC";"RRMX - Liste Einzelposten Sachkonto Profitcenter (neu)";"KH_MCBSBC_Q001";"ZKH_B_BSAS (BSAS Tabelle)"
"86";"KH_MCEZV";"RRMX - Monatsabschluss (7.x)";"KH_KH_MCEZV_Q002_7";"ZJE_B_GLPCP"
"87";"KH_MCEZV";"RRMX - Einnahmeubersicht";"KH_MCEZV_Q_101_EINNAHMEN_EZV";"ZJE_B_GLPCP"
"88";"KH_MCEZV";"RRMX - Liste Erhebungskosten";"KH_MCEZV_100_Q001";"ZJE_B_GLPCP"
"89";"KH_MCEZV";"RRMX - Bussenverteiler";"KH_KH_MCEZV_Q001_7";"ZJE_B_GLPCP"
"90";"KH_MCEZV";"RRMX - Bussenverteiler";"KH_KH_MCEZV_Q003_7";"ZJE_B_GLPCP"
"91";"KH_MCFIEP";"RRMX - Abgleich SI-Verwaltung und Sachkonto";"KH_MCSIC_600_Q011";"0FI_AP_4"
"92";"KH_MCFIEP";"RRMX - Abgleich SI-Verwaltung und Sachkonto";"KH_MCSIC_600_Q011";"0FI_AR_4"
"93";"KH_MCFIEP";"RRMX - Abgleich SI-Verwaltung und Sachkonto";"KH_MCSIC_600_Q011";"0FI_GL_4"
"94";"KH_MCFIEP";"SAP_BW_QUERY - Hauptbuch EP Sicherheiten";"KH_MCSIC_600_Q012";"0FI_AP_4"
"95";"KH_MCFIEP";"SAP_BW_QUERY - Hauptbuch EP Sicherheiten";"KH_MCSIC_600_Q012";"0FI_AR_4"
"96";"KH_MCFIEP";"SAP_BW_QUERY - Hauptbuch EP Sicherheiten";"KH_MCSIC_600_Q012";"0FI_GL_4"
"97";"KH_MCMD";"RRMX - Debitoren Masterquery";"KH_MCMD_Q001";"ZKH_B_FIRE_DEBITORENDATEN"
"98";"KH_MCSCHV";"RRMX - Barhinterlagen Kontrolle detailliert";"KH_MCSCHV_Q016";"ZKH_B_SKO"
"99";"KH_MCSCHV";"RRMX - Barhinterlagen Kontrolle detailliert";"KH_MCSCHV_Q016";"ZKH_B_SNT"
"100";"KH_MCSCHV";"RRMX - Barhinterlagen Kontrolle detailliert";"KH_MCSCHV_Q016";"ZKH_B_VKDFS"
"101";"KH_MCSCHV";"RRMX - Barhinterlagen Kontrolle detailliert";"KH_MCSCHV_Q016";"0FI_GL_4"
"102";"KH_MCSCHV";"RRMX - Barhinterlagen Kontrolle detailliert";"KH_MCSCHV_Q016";"ZKH_B_SPOH"
"103";"KH_MCSIC";"RRMX - Masterquery Verteilung Sicherheiten nach Verwendungszweck (N";"KH_MCSIC_600_Q006";"ZKH_B_SICV"
"104";"KH_MCSIC";"RRMX - Masterquery Verteilung Sicherheiten nach Verwendungszweck (N";"KH_MCSIC_600_Q006";"ZKH_B_SICB_KORREKTUR"
"105";"KH_MCSIC";"RRMX - Masterquery Verteilung Sicherheiten nach Verwendungszweck (N";"KH_MCSIC_600_Q006";"ZKH_B_FIRE_DEBITORENDATEN"
"106";"KH_MCSIC";"RRMX - Masterquery Verteilung Sicherheiten nach Verwendungszweck (N";"KH_MCSIC_600_Q006";"ZKH_B_SICM"
"107";"KH_MCSIC";"RRMX - Masterquery Verteilung Sicherheiten nach Verwendungszweck (N";"KH_MCSIC_600_Q006";"ZKH_B_SICA"
"108";"KH_MCSIC";"RRMX - Masterquery Verteilung Sicherheiten nach Verwendungszweck (N";"KH_MCSIC_600_Q006";"ZKH_B_SICB"
"109";"KH_MCSIC";"RRMX - Masterquery Mahndaten";"KH_MCSIC_600_Q004";"ZKH_B_SICV"
"110";"KH_MCSIC";"RRMX - Masterquery Mahndaten";"KH_MCSIC_600_Q004";"ZKH_B_SICB_KORREKTUR"
"111";"KH_MCSIC";"RRMX - Masterquery Mahndaten";"KH_MCSIC_600_Q004";"ZKH_B_FIRE_DEBITORENDATEN"
"112";"KH_MCSIC";"RRMX - Masterquery Mahndaten";"KH_MCSIC_600_Q004";"ZKH_B_SICM"
"113";"KH_MCSIC";"RRMX - Masterquery Mahndaten";"KH_MCSIC_600_Q004";"ZKH_B_SICA"
"114";"KH_MCSIC";"RRMX - Masterquery Mahndaten";"KH_MCSIC_600_Q004";"ZKH_B_SICB"
"115";"KH_MCSIC";"RRMX - Masterquery Sicherheiten Multiprovider";"KH_MCSIC_600_Q001";"ZKH_B_SICV"
"116";"KH_MCSIC";"RRMX - Masterquery Sicherheiten Multiprovider";"KH_MCSIC_600_Q001";"ZKH_B_SICB_KORREKTUR"
"117";"KH_MCSIC";"RRMX - Masterquery Sicherheiten Multiprovider";"KH_MCSIC_600_Q001";"ZKH_B_FIRE_DEBITORENDATEN"
"118";"KH_MCSIC";"RRMX - Masterquery Sicherheiten Multiprovider";"KH_MCSIC_600_Q001";"ZKH_B_SICM"
"119";"KH_MCSIC";"RRMX - Masterquery Sicherheiten Multiprovider";"KH_MCSIC_600_Q001";"ZKH_B_SICA"
"120";"KH_MCSIC";"RRMX - Masterquery Sicherheiten Multiprovider";"KH_MCSIC_600_Q001";"ZKH_B_SICB"
"121";"KH_MCSIC";"RRMX - Masterquery Verteilung Sicherheiten nach Verwendungszweck";"KH_MCSIC_600_Q005";"ZKH_B_SICV"
"122";"KH_MCSIC";"RRMX - Masterquery Verteilung Sicherheiten nach Verwendungszweck";"KH_MCSIC_600_Q005";"ZKH_B_SICB_KORREKTUR"
"123";"KH_MCSIC";"RRMX - Masterquery Verteilung Sicherheiten nach Verwendungszweck";"KH_MCSIC_600_Q005";"ZKH_B_FIRE_DEBITORENDATEN"
"124";"KH_MCSIC";"RRMX - Masterquery Verteilung Sicherheiten nach Verwendungszweck";"KH_MCSIC_600_Q005";"ZKH_B_SICM"
"125";"KH_MCSIC";"RRMX - Masterquery Verteilung Sicherheiten nach Verwendungszweck";"KH_MCSIC_600_Q005";"ZKH_B_SICA"
"126";"KH_MCSIC";"RRMX - Masterquery Verteilung Sicherheiten nach Verwendungszweck";"KH_MCSIC_600_Q005";"ZKH_B_SICB"
"127";"KH_MCSIC";"RRMX - Masterquery Sicherheiten";"KH_MCSIC_600_Q002";"ZKH_B_SICV"
"128";"KH_MCSIC";"RRMX - Masterquery Sicherheiten";"KH_MCSIC_600_Q002";"ZKH_B_SICB_KORREKTUR"
"129";"KH_MCSIC";"RRMX - Masterquery Sicherheiten";"KH_MCSIC_600_Q002";"ZKH_B_FIRE_DEBITORENDATEN"
"130";"KH_MCSIC";"RRMX - Masterquery Sicherheiten";"KH_MCSIC_600_Q002";"ZKH_B_SICM"
"131";"KH_MCSIC";"RRMX - Masterquery Sicherheiten";"KH_MCSIC_600_Q002";"ZKH_B_SICA"
"132";"KH_MCSIC";"RRMX - Masterquery Sicherheiten";"KH_MCSIC_600_Q002";"ZKH_B_SICB"
"133";"KH_MCSIC";"RRMX - Masterquery Sicherheiten Kopf und Position";"KH_MCSIC_600_Q003";"ZKH_B_SICV"
"134";"KH_MCSIC";"RRMX - Masterquery Sicherheiten Kopf und Position";"KH_MCSIC_600_Q003";"ZKH_B_SICB_KORREKTUR"
"135";"KH_MCSIC";"RRMX - Masterquery Sicherheiten Kopf und Position";"KH_MCSIC_600_Q003";"ZKH_B_FIRE_DEBITORENDATEN"
"136";"KH_MCSIC";"RRMX - Masterquery Sicherheiten Kopf und Position";"KH_MCSIC_600_Q003";"ZKH_B_SICM"
"137";"KH_MCSIC";"RRMX - Masterquery Sicherheiten Kopf und Position";"KH_MCSIC_600_Q003";"ZKH_B_SICA"
"138";"KH_MCSIC";"RRMX - Masterquery Sicherheiten Kopf und Position";"KH_MCSIC_600_Q003";"ZKH_B_SICB"
