Reporting Object;Query;Cube
RRMX - Barhinterlagen Kontrolle detailliert;KH_MCSCHV_Q016;KH_MCSCHV
RRMX - Liste Einzelposten Sachkonto Profitcenter (neu);KH_MCBSBC_Q002_7;KH_MCBSBC
RRMX - Liste Einzelposten Sachkonto Profitcenter (neu);KH_MCBSBC_Q001;KH_MCBSBC
RRMX - Masterquery Vignetten;KH_MCSDO_Q001;KH_MCSDO
RRMX - Masterquery Verteilung Sicherheiten nach Verwendungszweck (N;KH_MCSIC_600_Q006;KH_MCSIC
RRMX - Abgleich SI-Verwaltung und Sachkonto;KH_MCSIC_600_Q011;KH_MCFIEP
RRMX - Abgleich SI-Verwaltung und Sachkonto;ZZZ_MCEZV_SIC_TEST1;KH_ICSICB
SAP_BW_QUERY - Hauptbuch EP Sicherheiten;KH_MCSIC_600_Q012;KH_MCFIEP
SAP_BW_QUERY - Sicherheiten nach Debitor u Beleg;KH_MCSIC_600_Q011;KH_ICSICB (InfoCube)
RRMX - Masterquery Mahndaten;KH_MCSIC_600_Q004;KH_MCSIC
RRMX - Masterquery Sicherheiten;KH_MCSIC_600_Q002;KH_MCSIC
RRMX - Masterquery Sicherheiten Kopf und Position;KH_MCSIC_600_Q003;KH_MCSIC
RRMX - Masterquery Sicherheiten Multiprovider;KH_MCSIC_600_Q001;KH_MCSIC
RRMX - Masterquery Verteilung Sicherheiten nach Verwendungszweck;KH_MCSIC_600_Q005;KH_MCSIC
RRMX - Debitoren Masterquery;KH_MCMD_Q001;KH_MCMD
RRMX - Liste Erhebungskosten;KH_MCEZV_100_Q001;KH_MCEZV
RRMX - Monatsabschluss (7.x);KH_KH_MCEZV_Q002_7;KH_MCEZV
RRMX - Einnahmeubersicht;KH_MCEZV_Q_101_EINNAHMEN_EZV;KH_MCEZV
RRMX - 10_Finanzreporting nach Krediten / KLAR-Objekten (BPS, CO);JE_MCOPL_T_1_10_2_08_055_V01_7;JE_MCOPL
RRMX - Einnahmen Monatsabschluss nach Buchungsperioden;;
RRMX - Bussenverteiler;KH_KH_MCEZV_Q001_7;KH_MCEZV
RRMX - Bussenverteiler;KH_KH_MCEZV_Q003_7;KH_MCEZV
SAP_BW_QUERY - Mittelflussrechnung / FMFR (FI);JE_MCOPL_T_1_10_2_04_050_V02_7;JE_MCOPL
RRMX - 40_Kreditbelastung ungleich Kreditableitung FMDERIVER;JE_ICFMQ_Q_100_002_7;JE_ICFMQ (DSO!)
SAP_BW_QUERY - Prufbericht Referenzableitung;JE_MCOPL_T_1_10_2_03_034_V01_7;JE_MCOPL
